,Unnamed: 0,Unnamed: 0.1,Unnamed: 0.1.1,Unnamed: 0.1.1,Unnamed: 0.1.1.1,photo_id,season,colors,material,year,country,festivities,them,product_type,upload_date,photoId
0,0,0,0,0,0,1.0,Spring,,Cotton,,,,,apparel,2016-01-23,00000
1,1,1,1,1,1,2.0,Spring,,Cotton,,Europe,,,apparel,2017-02-11,00001
2,2,2,2,2,2,3.0,Spring,Black & White,Cotton,2017.0,,,,apparel,2016-03-05,00002
3,3,3,3,3,3,4.0,Spring,Black & White,Cotton,2017.0,USA,,,apparel,2016-02-11,00003
4,4,4,4,4,4,5.0,Spring,Black & White,Cotton,2017.0,USA,,,apparel,2016-03-23,00004
5,5,5,5,5,5,6.0,Spring,Black & White,Cotton,2017.0,USA,,,apparel,2016-03-21,00005
6,6,6,6,6,6,7.0,Spring,Black & White,Cotton,2017.0,Asia,,Minimalistic,apparel,2017-02-12,00006
7,7,7,7,7,7,8.0,Spring,Black & White,Cotton,2017.0,USA,,Minimalistic,apparel,2016-03-13,00007
8,8,8,8,8,8,9.0,Spring,,Cotton,2017.0,USA,,Minimalistic,apparel,2016-03-16,00008
9,9,9,9,9,9,10.0,Spring,Pastel,Cotton,2017.0,USA,,Minimalistic,apparel,2017-02-28,00009
10,10,10,10,10,10,11.0,Spring,Pastel,Cotton,2017.0,Asia,,Comfort,apparel,2016-02-14,00010
11,11,11,11,11,11,12.0,Spring,Pastel,Cotton,,Europe,,Comfort,apparel,2016-03-13,00011
12,12,12,12,12,12,13.0,Spring,Pastel,Cotton,,,,Classic,apparel,2016-03-29,00012
13,13,13,13,13,13,14.0,Spring,Pastel,Cotton,2015.0,,,Classic,apparel,2016-03-08,00013
14,14,14,14,14,14,15.0,Spring,Pastel,Nylon,2015.0,,,Classic,apparel,2017-01-04,00014
15,15,15,15,15,15,16.0,Spring,Pastel,Cotton,2015.0,UK,,Classic,apparel,2016-01-18,00015
16,16,16,16,16,16,17.0,Spring,Pastel,Cotton,2015.0,,,Comfort,apparel,2017-01-20,00016
17,17,17,17,17,17,18.0,Spring,Pastel,Cotton,,,,Elegant,apparel,2016-01-02,00017
18,18,18,18,18,18,19.0,Spring,Pastel,Cotton,,Europe,Easter,,apparel,2016-01-29,00018
19,19,19,19,19,19,20.0,Spring,Pastel,Cotton,,Asia,,Elegant,apparel,2017-02-11,00019
20,20,20,20,20,20,21.0,Spring,Pastel,Cotton,2016.0,,,Elegant,apparel,2016-02-27,00020
21,21,21,21,21,21,22.0,Spring,Pastel,Cotton,2016.0,,,,apparel,2017-02-26,00021
22,22,22,22,22,22,23.0,Spring,Pastel,Cotton,2016.0,UK,Easter,,apparel,2016-02-09,00022
23,23,23,23,23,23,24.0,Spring,Pastel,Cotton,2016.0,,,,apparel,2017-03-12,00023
24,24,24,24,24,24,25.0,Spring,Pastel,Cotton,2016.0,,,Classic,apparel,2016-02-17,00024
25,25,25,25,25,25,26.0,Spring,Pastel,Cotton,2016.0,,,,apparel,2016-01-31,00025
26,26,26,26,26,26,27.0,Spring,Warm,Cotton,2016.0,UK,,,apparel,2017-01-15,00026
27,27,27,27,27,27,28.0,Spring,Warm,,2016.0,,Valentine's ,,apparel,2017-03-13,00027
28,28,28,28,28,28,29.0,Spring,Warm,Polyester,2016.0,,,Classic,apparel,2016-02-22,00028
29,29,29,29,29,29,30.0,Spring,Warm,Polyester,2016.0,,Valentine's ,Classic,apparel,2016-02-12,00029
30,30,30,30,30,30,31.0,Spring,,Polyester,2016.0,,,,apparel,2017-02-01,00030
31,31,31,31,31,31,32.0,Spring,,Polyester,,,,Minimalistic,apparel,2016-02-06,00031
32,32,32,32,32,32,33.0,Spring,,Polyester,,,,Minimalistic,apparel,2016-01-03,00032
33,33,33,33,33,33,34.0,Spring,Neon,Polyester,,USA,,,apparel,2016-01-15,00033
34,34,34,34,34,34,35.0,Spring,Neon,Polyester,,USA,,Minimalistic,apparel,2016-03-16,00034
35,35,35,35,35,35,36.0,Spring,Neon,,2015.0,USA,,,apparel,2016-02-19,00035
36,36,36,36,36,36,37.0,Spring,,,2015.0,Asia,,Elegant,apparel,2016-02-22,00036
37,37,37,37,37,37,38.0,Spring,,,,USA,,Classic,apparel,2017-01-19,00037
38,38,38,38,38,38,39.0,Spring,,Cotton,,USA,,Classic,apparel,2016-03-15,00038
39,39,39,39,39,39,40.0,Spring,,Cotton,2017.0,USA,,Classic,apparel,2016-01-01,00039
40,40,40,40,40,40,41.0,Spring,,Cotton,2017.0,,,,apparel,2016-01-03,00040
41,41,41,41,41,41,42.0,Spring,,Cotton,2017.0,,,,apparel,2017-02-15,00041
42,42,42,42,42,42,43.0,Summer,,Cotton,2017.0,,,,apparel,2017-06-02,00042
43,43,43,43,43,43,44.0,Summer,,Cotton,2017.0,,,,apparel,2017-04-01,00043
44,44,44,44,44,44,45.0,Summer,,Cotton,2017.0,,,Minimalistic,apparel,2016-05-17,00044
45,45,45,45,45,45,46.0,Summer,,Cotton,2017.0,,,,apparel,2016-06-16,00045
46,46,46,46,46,46,47.0,Summer,,Cotton,2017.0,Europe,,,apparel,2017-06-01,00046
47,47,47,47,47,47,48.0,Summer,,Cotton,2017.0,Europe,,,apparel,2017-04-19,00047
48,48,48,48,48,48,49.0,Summer,,Cotton,2017.0,Asia,,,apparel,2016-04-18,00048
49,49,49,49,49,49,50.0,Summer,,Cotton,2017.0,Europe,,,apparel,2016-06-10,00049
50,50,50,50,50,50,51.0,Summer,,Cotton,2017.0,Europe,,Elegant,apparel,2017-06-23,00050
51,51,51,51,51,51,52.0,Summer,,Cotton,,,,,apparel,2017-04-05,00051
52,52,52,52,52,52,53.0,Summer,,Polyester,,,4th of July,,apparel,2016-06-18,00052
53,53,53,53,53,53,54.0,Summer,,Polyester,,,,,apparel,2016-05-11,00053
54,54,54,54,54,54,55.0,Summer,,Polyester,,Asia,,,apparel,2017-04-16,00054
55,55,55,55,55,55,56.0,Summer,,Polyester,,,,,apparel,2016-06-04,00055
56,56,56,56,56,56,57.0,Summer,,Polyester,,Europe,,Minimalistic,apparel,2016-04-11,00056
57,57,57,57,57,57,58.0,Summer,Pastel,Polyester,,Europe,,Minimalistic,apparel,2016-06-11,00057
58,58,58,58,58,58,59.0,Summer,Pastel,Nylon,2015.0,,,Minimalistic,apparel,2016-05-30,00058
59,59,59,59,59,59,60.0,Summer,Pastel,Polyester,2015.0,,,,apparel,2017-05-08,00059
60,60,60,60,60,60,61.0,Summer,Pastel,Polyester,2015.0,,,,apparel,2016-06-23,00060
61,61,61,61,61,61,62.0,Summer,Pastel,Polyester,2015.0,,,,apparel,2017-06-17,00061
62,62,62,62,62,62,63.0,Summer,Pastel,Polyester,2015.0,UK,,,apparel,2016-04-04,00062
63,63,63,63,63,63,64.0,Summer,Pastel,Polyester,2015.0,Europe,,,apparel,2016-04-22,00063
64,64,64,64,64,64,65.0,Summer,Pastel,Polyester,2015.0,Asia,,,apparel,2016-04-27,00064
65,65,65,65,65,65,66.0,Summer,Pastel,Polyester,,UK,,,apparel,2016-05-26,00065
66,66,66,66,66,66,67.0,Summer,Pastel,Polyester,,USA,,Comfort,apparel,2017-06-01,00066
67,67,67,67,67,67,68.0,Summer,Pastel,,,UK,,,apparel,2017-04-15,00067
68,68,68,68,68,68,69.0,Summer,,,,USA,Carnival,Comfort,apparel,2017-04-01,00068
69,69,69,69,69,69,70.0,Summer,Warm,,,USA,,Comfort,apparel,2016-06-29,00069
70,70,70,70,70,70,71.0,Summer,Warm,,,USA,Carnival,Comfort,apparel,2017-05-13,00070
71,71,71,71,71,71,72.0,Summer,Warm,,,Europe,,,apparel,2016-04-22,00071
72,72,72,72,72,72,73.0,Summer,Warm,,,,,Elegant,apparel,2016-05-13,00072
73,73,73,73,73,73,74.0,Summer,,Denim,,,,Elegant,apparel,2016-04-15,00073
74,74,74,74,74,74,75.0,Summer,,Denim,,,,Minimalistic,apparel,2017-06-07,00074
75,75,75,75,75,75,76.0,Summer,,,,,,Minimalistic,apparel,2017-04-08,00075
76,76,76,76,76,76,77.0,Summer,,,,,,Minimalistic,apparel,2017-05-25,00076
77,77,77,77,77,77,78.0,Summer,,,,,,Classic,apparel,2016-05-19,00077
78,78,78,78,78,78,79.0,Summer,Neon,Cotton,,,,Classic,apparel,2016-05-26,00078
79,79,79,79,79,79,80.0,Summer,,Cotton,,Europe,,,apparel,2016-06-01,00079
80,80,80,80,80,80,81.0,Summer,,Cotton,,Asia,,,apparel,2016-05-01,00080
81,81,81,81,81,81,82.0,Summer,,Cotton,,,,Classic,apparel,2016-06-24,00081
82,82,82,82,82,82,83.0,Summer,,Nylon,,UK,,,apparel,2017-06-12,00082
83,83,83,83,83,83,84.0,Summer,,Cotton,2017.0,,,,apparel,2017-06-13,00083
84,84,84,84,84,84,85.0,Summer,,Cotton,2017.0,,,Comfort,apparel,2017-05-11,00084
85,85,85,85,85,85,86.0,Fall,Pastel,Cotton,2017.0,Europe,,Comfort,apparel,2016-08-06,00085
86,86,86,86,86,86,87.0,Fall,Pastel,Cotton,2017.0,,,,apparel,2016-07-03,00086
87,87,87,87,87,87,88.0,Fall,Pastel,Cotton,2017.0,,,,apparel,2016-08-16,00087
88,88,88,88,88,88,89.0,Fall,Pastel,Cotton,,Europe,,Minimalistic,apparel,2016-07-14,00088
89,89,89,89,89,89,90.0,Fall,,Cotton,,,,,apparel,2017-09-14,00089
90,90,90,90,90,90,91.0,Fall,,Cotton,2016.0,,,,apparel,2017-07-22,00090
91,91,91,91,91,91,92.0,Fall,,Cotton,2016.0,,Halloween,Classic,apparel,2016-07-18,00091
92,92,92,92,92,92,93.0,Fall,,Cotton,2016.0,UK,,Minimalistic,apparel,2017-07-11,00092
93,93,93,93,93,93,94.0,Fall,,Polyester,2016.0,,,,apparel,2017-08-24,00093
94,94,94,94,94,94,95.0,Fall,,Polyester,2016.0,USA,,,apparel,2017-07-24,00094
95,95,95,95,95,95,96.0,Fall,,Polyester,2016.0,Europe,,,apparel,2016-08-24,00095
96,96,96,96,96,96,97.0,Fall,,Polyester,,USA,Halloween,,apparel,2017-09-05,00096
97,97,97,97,97,97,98.0,Fall,,Polyester,,USA,,Elegant,apparel,2017-07-27,00097
98,98,98,98,98,98,99.0,Fall,,Polyester,,USA,,Elegant,apparel,2016-07-02,00098
99,99,99,99,99,99,100.0,Fall,,Polyester,2015.0,USA,,Classic,apparel,2017-09-22,00099
100,100,100,100,100,100,101.0,Fall,,Polyester,,USA,,Classic,apparel,2016-09-17,00100
101,101,101,101,101,101,102.0,Fall,,Denim,2015.0,Asia,,Minimalistic,apparel,2016-08-14,00101
102,102,102,102,102,102,103.0,Fall,,,2015.0,Europe,,Minimalistic,apparel,2016-07-25,00102
103,103,103,103,103,103,104.0,Fall,,,,,,Comfort,apparel,2016-07-20,00103
104,104,104,104,104,104,105.0,Fall,,,,,,Comfort,apparel,2016-07-03,00104
105,105,105,105,105,105,106.0,Fall,,,,,,,apparel,2017-09-22,00105
106,106,106,106,106,106,107.0,Fall,Black & White,,,UK,,,apparel,2017-07-20,00106
107,107,107,107,107,107,108.0,Fall,Black & White,,2017.0,Europe,,,apparel,2017-07-12,00107
108,108,108,108,108,108,109.0,Fall,Black & White,,2015.0,,,,apparel,2016-09-14,00108
109,109,109,109,109,109,110.0,Winter,Black & White,,2017.0,,,Comfort,apparel,2016-11-16,00109
110,110,110,110,110,110,111.0,Winter,Black & White,Polyester,2017.0,,,Comfort,apparel,2016-11-17,00110
111,111,111,111,111,111,112.0,Winter,Black & White,Polyester,,,,,apparel,2016-12-20,00111
112,112,112,112,112,112,113.0,Winter,Cool,Polyester,,Europe,Christmas,,apparel,2016-10-10,00112
113,113,113,113,113,113,114.0,Winter,Cool,Polyester,2015.0,UK,Christmas,,apparel,2016-11-05,00113
114,114,114,114,114,114,115.0,Winter,Cool,Polyester,,UK,,,apparel,2016-11-10,00114
115,115,115,115,115,115,116.0,Winter,Cool,Polyester,,UK,,Classic,apparel,2016-10-09,00115
116,116,116,116,116,116,117.0,Winter,Cool,,,UK,,Classic,apparel,2016-10-06,00116
117,117,117,117,117,117,118.0,Winter,Cool,,2015.0,UK,Christmas,,apparel,2016-10-23,00117
118,118,118,118,118,118,119.0,Winter,,Denim,2016.0,,,,apparel,2016-11-27,00118
119,119,119,119,119,119,120.0,Winter,,,2016.0,,,,apparel,2016-10-05,00119
120,120,120,120,120,120,121.0,Winter,,,2015.0,,,,apparel,2016-10-01,00120
121,121,121,121,121,121,122.0,Winter,,Cotton,2016.0,Europe,,Classic,apparel,2016-10-22,00121
122,122,122,122,122,122,123.0,Winter,Neon,Cotton,2016.0,,,Classic,apparel,2016-11-15,00122
123,123,123,123,123,123,124.0,Winter,,Cotton,2016.0,,,Comfort,apparel,2016-11-01,00123
124,124,124,124,124,124,125.0,Winter,,Cotton,2016.0,,,Elegant,apparel,2016-10-27,00124
125,125,125,125,125,125,126.0,Winter,,Cotton,,USA,,,apparel,2016-11-19,00125
126,126,126,126,126,126,127.0,Winter,,Cotton,,Europe,,Comfort,apparel,2016-10-30,00126
127,127,127,127,127,127,128.0,Spring/Summer,Neutral,Cotton,,USA,,,apparel,2016-07-25,00127
128,128,128,128,128,128,129.0,Spring/Summer,Neutral,Cotton,2017.0,USA,,,apparel,2017-07-08,00128
129,129,129,129,129,129,130.0,Spring/Summer,,Cotton,2017.0,,,Minimalistic,apparel,2016-04-29,00129
130,130,130,130,130,130,131.0,Spring/Summer,Warm,,,,,Minimalistic,apparel,2017-04-15,00130
131,131,131,131,131,131,132.0,Spring/Summer,Warm,,,Europe,,,apparel,2017-04-12,00131
132,132,132,132,132,132,133.0,Spring/Summer,,,,,,,apparel,2016-07-20,00132
133,133,133,133,133,133,134.0,Spring/Summer,,,,USA,,,apparel,2016-04-07,00133
134,134,134,134,134,134,135.0,Fall/Winter,Neutral,,2017.0,,,Elegant,apparel,2016-09-04,00134
135,135,135,135,135,135,136.0,Fall/Winter,Cool,Cotton,,USA,Halloween,Elegant,apparel,2016-09-28,00135
136,136,136,136,136,136,137.0,Fall/Winter,Cool,Cotton,2015.0,,Christmas,,apparel,2016-11-24,00136
137,137,137,137,137,137,138.0,Fall/Winter,,,,,,,apparel,2016-11-16,00137
138,138,138,138,138,138,139.0,Fall/Winter,,,2016.0,,,Comfort,apparel,2016-11-21,00138
139,139,139,139,139,139,140.0,,Black & White,,2016.0,,,,apparel,2016-04-05,00139
140,140,140,140,140,140,141.0,,Black & White,,2016.0,,,Classic,apparel,2016-04-06,00140
141,141,141,141,141,141,142.0,,Black & White,,2015.0,Europe,,Classic,apparel,2016-02-01,00141
142,142,142,142,142,142,143.0,,Black & White,,2016.0,USA,,,apparel,2016-10-16,00142
143,143,143,143,143,143,144.0,,Black & White,,2016.0,Asia,,,apparel,2016-03-18,00143
144,144,144,144,144,144,145.0,,Black & White,,2016.0,,,Classic,apparel,2016-11-07,00144
145,145,145,145,145,145,146.0,,Black & White,,,Asia,,Classic,apparel,2016-04-17,00145
146,146,146,146,146,146,147.0,,Black & White,,,,,Comfort,apparel,2016-02-02,00146
147,147,147,147,147,147,148.0,,Black & White,,2015.0,,,Classic,apparel,2016-03-13,00147
148,148,148,148,148,148,149.0,,Black & White,,,,,Classic,apparel,2016-06-08,00148
149,149,149,149,149,149,150.0,,Black & White,,,USA,,,apparel,2016-09-14,00149
150,150,150,150,150,150,151.0,,Black & White,Polyester,,,,,apparel,2016-03-23,00150
151,151,151,151,151,151,152.0,,Black & White,Polyester,,Europe,,,apparel,2016-06-06,00151
152,152,152,152,152,152,153.0,,Neutral,Polyester,,,,,apparel,2016-03-07,00152
153,153,153,153,153,153,154.0,,Neon,Nylon,2015.0,,,Minimalistic,apparel,2016-04-04,00153
154,154,154,154,154,154,155.0,,Neon,Nylon,,,,Minimalistic,apparel,2016-05-15,00154
155,155,155,155,155,155,156.0,,Neon,Polyester,,,,Minimalistic,apparel,2016-06-16,00155
156,156,156,156,156,156,157.0,,,Polyester,,,,Minimalistic,apparel,2016-06-08,00156
157,157,157,157,157,157,158.0,,,Polyester,,USA,,Elegant,apparel,2016-07-13,00157
158,158,158,158,158,158,159.0,,,Polyester,,Europe,,Comfort,apparel,2016-04-18,00158
159,159,159,159,159,159,160.0,,,Polyester,,,,Comfort,apparel,2016-05-04,00159
160,160,160,160,160,160,161.0,,,Polyester,,,,,apparel,2016-10-27,00160
161,161,161,161,161,161,162.0,,Cool,,,,,Comfort,apparel,2016-01-03,00161
162,162,162,162,162,162,163.0,,Cool,,2015.0,Europe,,,apparel,2016-11-19,00162
163,163,163,163,163,163,164.0,,Cool,,,,,,apparel,2016-07-25,00163
164,164,164,164,164,164,165.0,,Cool,,,,,Classic,apparel,2016-04-17,00164
165,165,165,165,165,165,166.0,,Cool,,,,,,apparel,2016-09-23,00165
166,166,166,166,166,166,167.0,,Cool,Denim,,Europe,,,apparel,2016-09-23,00166
167,167,167,167,167,167,168.0,,,,,Asia,,Classic,apparel,2016-06-04,00167
168,168,168,168,168,168,169.0,,Pastel,,2015.0,,,,apparel,2016-09-12,00168
169,169,169,169,169,169,170.0,,Pastel,,,Europe,,Minimalistic,apparel,2016-01-22,00169
170,170,170,170,170,170,171.0,,Pastel,,,Asia,,Minimalistic,apparel,2016-08-14,00170
171,171,171,171,171,171,172.0,,Pastel,,,USA,,Minimalistic,apparel,2016-05-16,00171
172,172,172,172,172,172,173.0,,Pastel,Cotton,,,,Minimalistic,apparel,2016-04-21,00172
173,173,173,173,173,173,174.0,,Pastel,Cotton,,Europe,,Elegant,apparel,2016-10-20,00173
174,174,174,174,174,174,175.0,,Pastel,Cotton,,,Christmas,Elegant,apparel,2016-06-12,00174
175,175,175,175,175,175,176.0,,Pastel,Cotton,,,,Elegant,apparel,2016-05-18,00175
176,176,176,176,176,176,177.0,,,Cotton,,,,,apparel,2016-01-30,00176
177,177,177,177,177,177,178.0,,,Cotton,,Europe,,Comfort,apparel,2016-10-20,00177
178,178,178,178,178,178,179.0,,,Cotton,,USA,,,apparel,2016-01-10,00178
179,179,179,179,179,179,180.0,,,Cotton,,USA,,,apparel,2016-08-09,00179
180,180,180,180,180,180,181.0,,,Cotton,,,,,apparel,2016-09-15,00180
181,181,181,181,181,181,182.0,,,Cotton,,Asia,,Comfort,apparel,2016-03-23,00181
182,182,182,182,182,182,183.0,,Warm,Cotton,,,,,apparel,2016-03-08,00182
183,183,183,183,183,183,184.0,,Warm,Cotton,,,,,apparel,2016-01-26,00183
184,184,184,184,184,184,185.0,,Warm,Cotton,2015.0,,,,apparel,2016-10-13,00184
185,185,185,185,185,185,186.0,,Warm,Cotton,2015.0,Europe,,,apparel,2016-10-09,00185
186,186,186,186,186,186,187.0,,,Cotton,2017.0,USA,,Comfort,apparel,2016-08-24,00186
187,187,187,187,187,187,188.0,,,Cotton,2017.0,,,Elegant,apparel,2016-05-01,00187
188,188,188,188,188,188,189.0,,,Cotton,2017.0,,,Elegant,apparel,2016-05-11,00188
189,189,189,189,189,189,190.0,,,Cotton,2017.0,,,,apparel,2016-06-20,00189
190,190,190,190,190,190,191.0,,,Cotton,2017.0,UK,Christmas,,apparel,2016-01-13,00190
191,191,191,191,191,191,192.0,,,Cotton,2017.0,Asia,,Classic,apparel,2016-03-04,00191
192,192,192,192,192,192,193.0,,,Cotton,2017.0,,,,apparel,2016-03-04,00192
193,193,193,193,193,193,194.0,,,Cotton,2017.0,USA,,,apparel,2016-07-16,00193
194,194,194,194,194,194,195.0,,,Cotton,2017.0,Europe,,,apparel,2016-05-18,00194
195,195,195,195,195,195,196.0,,,Cotton,2017.0,,,Classic,apparel,2016-09-24,00195
196,196,196,196,196,196,197.0,,,,2017.0,USA,,,apparel,2016-07-24,00196
197,197,197,197,197,197,198.0,,,,2017.0,USA,,,apparel,2016-03-29,00197
198,198,198,198,198,198,199.0,,,Denim,2017.0,USA,,,apparel,2016-08-21,00198
199,199,199,199,199,199,200.0,,,,2017.0,Europe,,Comfort,apparel,2016-03-26,00199
200,200,200,200,200,200,201.0,Spring,Black,Ceramic,,USA,,Classic,consumer_goods,2017-03-25,00200
201,201,201,201,201,201,202.0,Spring,Black,Ceramic,,UK,,Elegant,consumer_goods,2016-01-07,00201
202,202,202,202,202,202,203.0,Spring,Black,Ceramic,,Europe,,,consumer_goods,2016-01-29,00202
203,203,203,203,203,203,204.0,Spring,Black,Ceramic,,USA,,,consumer_goods,2016-03-17,00203
204,204,204,204,204,204,205.0,Spring,Black,,,,,Comfort,consumer_goods,2016-01-01,00204
205,205,205,205,205,205,206.0,Spring,White,,,Asia,Valentine's ,,consumer_goods,2017-02-07,00205
206,206,206,206,206,206,207.0,Spring,White,Rubber,,,,Classic,consumer_goods,2016-01-23,00206
207,207,207,207,207,207,208.0,Spring,White,,,USA,,,consumer_goods,2017-02-21,00207
208,208,208,208,208,208,209.0,Spring,Purple,,,UK,,,consumer_goods,2017-03-27,00208
209,209,209,209,209,209,210.0,Spring,,Plastic,,,,,consumer_goods,2017-03-12,00209
210,210,210,210,210,210,211.0,Spring,Green,Plastic,,USA,Valentine's ,Classic,consumer_goods,2017-01-10,00210
211,211,211,211,211,211,212.0,Spring,Green,Plastic,,,,,consumer_goods,2017-01-07,00211
212,212,212,212,212,212,213.0,Spring,,,,,,Minimalistic,consumer_goods,2017-02-09,00212
213,213,213,213,213,213,214.0,Spring,Green,,,Asia,,,consumer_goods,2016-02-03,00213
214,214,214,214,214,214,215.0,Spring,,Rubber,,,,Classic,consumer_goods,2016-03-31,00214
215,215,215,215,215,215,216.0,Spring,Blue,,,,,Elegant,consumer_goods,2017-03-05,00215
216,216,216,216,216,216,217.0,Spring,,Wooden,,UK,,,consumer_goods,2016-02-03,00216
217,217,217,217,217,217,218.0,Spring,Brown,Ceramic,,USA,Easter,Comfort,consumer_goods,2016-01-18,00217
218,218,218,218,218,218,219.0,Spring,Yellow,Plastic,,USA,,,consumer_goods,2017-03-04,00218
219,219,219,219,219,219,220.0,Spring,,,,Europe,Easter,,consumer_goods,2017-02-13,00219
220,220,220,220,220,220,221.0,Spring,,,,,,Minimalistic,consumer_goods,2016-03-10,00220
221,221,221,221,221,221,222.0,Summer,,Plastic,,Asia,,,consumer_goods,2016-06-21,00221
222,222,222,222,222,222,223.0,Summer,Yellow,,,,,,consumer_goods,2016-04-09,00222
223,223,223,223,223,223,224.0,Summer,Green,,,,Carnival,,consumer_goods,2016-05-11,00223
224,224,224,224,224,224,225.0,Summer,Brown,Ceramic,,USA,,Classic,consumer_goods,2016-06-01,00224
225,225,225,225,225,225,226.0,Summer,,,,UK,,,consumer_goods,2016-05-20,00225
226,226,226,226,226,226,227.0,Summer,Blue,,,USA,4th of July,,consumer_goods,2017-04-09,00226
227,227,227,227,227,227,228.0,Summer,,Plastic,,USA,,,consumer_goods,2016-06-10,00227
228,228,228,228,228,228,229.0,Summer,,Ceramic,,,,Classic,consumer_goods,2016-04-29,00228
229,229,229,229,229,229,230.0,Summer,White,Rubber,,,,Elegant,consumer_goods,2016-05-01,00229
230,230,230,230,230,230,231.0,Summer,Red,,,,,Classic,consumer_goods,2016-04-30,00230
231,231,231,231,231,231,232.0,Fall,Brown,Plastic,,,,,consumer_goods,2016-09-09,00231
232,232,232,232,232,232,233.0,Fall,,,,Asia,,,consumer_goods,2017-07-08,00232
233,233,233,233,233,233,234.0,Fall,White,,,,Halloween,Minimalistic,consumer_goods,2016-08-11,00233
234,234,234,234,234,234,235.0,Fall,Orange,Ceramic,,,,,consumer_goods,2017-09-03,00234
235,235,235,235,235,235,236.0,Fall,Black,Ceramic,,,Halloween,Comfort,consumer_goods,2016-08-08,00235
236,236,236,236,236,236,237.0,Fall,Red,Plastic,,,,Classic,consumer_goods,2017-09-07,00236
237,237,237,237,237,237,238.0,Winter,Black,,,,,,consumer_goods,2016-10-22,00237
238,238,238,238,238,238,239.0,Winter,,,,UK,Christmas,,consumer_goods,2016-10-21,00238
239,239,239,239,239,239,240.0,Winter,White,,,USA,,,consumer_goods,2016-12-12,00239
240,240,240,240,240,240,241.0,Winter,White,,,,,Minimalistic,consumer_goods,2016-10-05,00240
241,241,241,241,241,241,242.0,Winter,Black,,,USA,Christmas,,consumer_goods,2016-12-25,00241
242,242,242,242,242,242,243.0,Winter,White,Plastic,,,,Classic,consumer_goods,2016-10-26,00242
243,243,243,243,243,243,244.0,Winter,,,,,,,consumer_goods,2016-11-13,00243
244,244,244,244,244,244,245.0,Winter,White,,,,,Elegant,consumer_goods,2016-10-11,00244
245,245,245,245,245,245,246.0,Winter,,Plastic,,,,Minimalistic,consumer_goods,2016-12-25,00245
246,246,246,246,246,246,247.0,Winter,,Ceramic,,,,Minimalistic,consumer_goods,2016-12-03,00246
247,247,247,247,247,247,248.0,Winter,Green,,,,,Minimalistic,consumer_goods,2016-10-30,00247
248,248,248,248,248,248,249.0,Winter,Red,,,USA,,Minimalistic,consumer_goods,2016-12-06,00248
249,249,249,249,249,249,250.0,Winter,Black,Plastic,,,,,consumer_goods,2016-11-17,00249
250,250,250,250,250,250,251.0,Winter,,,,Europe,,,consumer_goods,2016-12-22,00250
251,251,251,251,251,251,252.0,,Black,,,,,,consumer_goods,2016-02-04,00251
252,252,252,252,252,252,253.0,,Black,,,,,,consumer_goods,2016-04-19,00252
253,253,253,253,253,253,254.0,,Black,Rubber,,,,Minimalistic,consumer_goods,2016-11-19,00253
254,254,254,254,254,254,255.0,,Black,,,,,,consumer_goods,2016-09-26,00254
255,255,255,255,255,255,256.0,,Black,,,,,,consumer_goods,2016-10-03,00255
256,256,256,256,256,256,257.0,,Black,Wooden,,Europe,,Minimalistic,consumer_goods,2016-08-21,00256
257,257,257,257,257,257,258.0,,Black,,,USA,,,consumer_goods,2016-01-11,00257
258,258,258,258,258,258,259.0,,Black,,,UK,,Minimalistic,consumer_goods,2016-09-14,00258
259,259,259,259,259,259,260.0,,Black,,,,,,consumer_goods,2016-07-20,00259
260,260,260,260,260,260,261.0,,Black,Ceramic,,Asia,,Classic,consumer_goods,2016-01-24,00260
261,261,261,261,261,261,262.0,,Black,,,Asia,,Minimalistic,consumer_goods,2016-08-16,00261
262,262,262,262,262,262,263.0,,Black,,,Asia,,Minimalistic,consumer_goods,2016-07-11,00262
263,263,263,263,263,263,264.0,,Black,,,Asia,,,consumer_goods,2016-10-22,00263
264,264,264,264,264,264,265.0,,Black,Plastic,,Asia,,Classic,consumer_goods,2016-11-15,00264
265,265,265,265,265,265,266.0,,Black,,,Asia,,,consumer_goods,2016-10-18,00265
266,266,266,266,266,266,267.0,,Black,,,Asia,,Minimalistic,consumer_goods,2016-10-07,00266
267,267,267,267,267,267,268.0,,Black,Plastic,,Asia,,,consumer_goods,2016-06-03,00267
268,268,268,268,268,268,269.0,,Black,,,,,Classic,consumer_goods,2016-01-05,00268
269,269,269,269,269,269,270.0,,Black,,,,,Minimalistic,consumer_goods,2016-01-06,00269
270,270,270,270,270,270,271.0,,Black,,,USA,,,consumer_goods,2016-11-26,00270
271,271,271,271,271,271,272.0,,Black,,,,,Comfort,consumer_goods,2016-09-19,00271
272,272,272,272,272,272,273.0,,Black,,,,,,consumer_goods,2016-01-08,00272
273,273,273,273,273,273,274.0,,White,,,,,,consumer_goods,2016-04-07,00273
274,274,274,274,274,274,275.0,,White,Ceramic,,,,Classic,consumer_goods,2016-03-30,00274
275,275,275,275,275,275,276.0,,White,Ceramic,,,,,consumer_goods,2016-01-29,00275
276,276,276,276,276,276,277.0,,White,,,,,Minimalistic,consumer_goods,2016-11-08,00276
277,277,277,277,277,277,278.0,,White,Rubber,,Asia,,,consumer_goods,2016-10-03,00277
278,278,278,278,278,278,279.0,,White,,,,,Classic,consumer_goods,2016-08-27,00278
279,279,279,279,279,279,280.0,,White,,,Europe,,,consumer_goods,2016-09-01,00279
280,280,280,280,280,280,281.0,,White,,,Europe,,Minimalistic,consumer_goods,2016-03-07,00280
281,281,281,281,281,281,282.0,,White,Plastic,,Europe,,,consumer_goods,2016-01-30,00281
282,282,282,282,282,282,283.0,,White,,,UK,,,consumer_goods,2016-07-11,00282
283,283,283,283,283,283,284.0,,White,Ceramic,,,,Minimalistic,consumer_goods,2016-07-01,00283
284,284,284,284,284,284,285.0,,White,Plastic,,,,,consumer_goods,2016-08-01,00284
285,285,285,285,285,285,286.0,,White,,,Asia,,,consumer_goods,2016-03-28,00285
286,286,286,286,286,286,287.0,,White,,,,,Classic,consumer_goods,2016-09-21,00286
287,287,287,287,287,287,288.0,,White,,,,,,consumer_goods,2016-10-08,00287
288,288,288,288,288,288,289.0,,White,,,UK,,,consumer_goods,2016-04-09,00288
289,289,289,289,289,289,290.0,,White,,,,,,consumer_goods,2016-05-20,00289
290,290,290,290,290,290,291.0,,White,,,,,Minimalistic,consumer_goods,2016-07-12,00290
291,291,291,291,291,291,292.0,,Blue,Wooden,,,,,consumer_goods,2016-02-15,00291
292,292,292,292,292,292,293.0,,Blue,,,Asia,,,consumer_goods,2016-04-07,00292
293,293,293,293,293,293,294.0,,,Rubber,,,,,consumer_goods,2016-06-26,00293
294,294,294,294,294,294,295.0,,Green,,,,,,consumer_goods,2016-04-26,00294
295,295,295,295,295,295,296.0,,Green,,,,,,consumer_goods,2016-03-17,00295
296,296,296,296,296,296,297.0,,Green,,,Asia,,,consumer_goods,2016-11-20,00296
297,297,297,297,297,297,298.0,,Yellow,Rubber,,,,,consumer_goods,2016-11-10,00297
298,298,298,298,298,298,299.0,,Red,,,,,,consumer_goods,2016-05-06,00298
299,299,299,299,299,299,300.0,,Red,,,Europe,,,consumer_goods,2016-08-09,00299
300,300,300,300,300,300,301.0,,Green,,,,,,consumer_goods,2016-11-23,00300
301,301,301,301,301,301,,,,,,,,,,2016-07-09,00301
302,302,302,302,302,302,,,Green,,,,,,,2016-03-25,00302
303,303,303,303,303,303,,,,,,,,,,2016-07-16,00303
304,304,304,304,304,304,,,Green,Plastic,,,,,,2016-01-18,00304
305,305,305,305,305,305,,,,,,Europe,,,,2016-04-10,00305
306,306,306,306,306,306,,,,,,,,,,2016-06-01,00306
307,307,307,307,307,307,,,,,,Europe,,,,2016-06-04,00307
308,308,308,308,308,308,,,Red,,,,,Classic,,2016-05-30,00308
309,309,309,309,309,309,,,,Plastic,,,,,,2016-07-15,00309
310,310,310,310,310,310,,,,,,,,,,2016-04-07,00310
311,311,311,311,311,311,,,,,,,,Comfort,,2016-05-03,00311
312,312,312,312,312,312,,,,,,,,,,2016-03-12,00312
313,313,313,313,313,313,,,,,,USA,,,,2016-05-17,00313
314,314,314,314,314,314,,,,,,,,Classic,,2016-11-26,00314
315,315,315,315,315,315,,,Red,Plastic,,,,Elegant,,2016-02-22,00315
316,316,316,316,316,316,,,,,,Europe,,Elegant,,2016-01-28,00316
317,317,317,317,317,317,,,,,,,,Elegant,,2016-02-12,00317
318,318,318,318,318,318,,,,,,,,,,2016-07-22,00318
319,319,319,319,319,319,,,,,,,,,,2016-08-15,00319
320,320,320,320,320,320,,,,Ceramic,,,,Classic,,2016-07-07,00320
321,321,321,321,321,321,,,Brown,,,Asia,,,,2016-05-30,00321
322,322,322,322,322,322,,,,,,,,,,2016-02-23,00322
323,323,323,323,323,323,,,Brown,,,,,,,2016-11-07,00323
324,324,324,324,324,324,,,Brown,,,Europe,,,,2016-11-25,00324
325,325,325,325,325,325,,,,Ceramic,,,,Comfort,,2016-11-17,00325
326,326,326,326,326,326,,,Green,,,UK,,,,2016-05-05,00326
327,327,327,327,327,327,,,Green,Wooden,,,,Classic,,2016-03-14,00327
328,328,328,328,328,328,,,,,,,,,,2016-07-24,00328
329,329,329,329,329,329,,,Purple,Plastic,,,,,,2016-03-23,00329
330,330,330,330,330,330,,,,,,,,,,2016-11-29,00330
331,331,331,331,331,331,,,Purple,Plastic,,,,,,2016-11-03,00331
332,332,332,332,332,332,,,,,,,,,,2016-01-28,00332
333,333,333,333,333,333,,,,Ceramic,,USA,,Classic,,2016-01-04,00333
334,334,334,334,334,334,,,Purple,,,,,,,2016-10-30,00334
335,335,335,335,335,335,,,Purple,,,,,,,2016-10-20,00335
336,336,336,336,336,336,,,,Rubber,,,,,,2016-04-27,00336
337,337,337,337,337,337,,,,,,Europe,,,,2016-03-14,00337
338,338,338,338,338,338,,,,,,,,,,2016-03-16,00338
339,339,339,339,339,339,,,Red,,,,Valentine's ,,,2016-11-28,00339
340,340,340,340,340,340,,,,,,,,,,2016-05-09,00340
341,341,341,341,341,341,,,,,,USA,,,,2016-05-15,00341
342,342,342,342,342,342,,,Purple,Ceramic,,,,,,2016-04-19,00342
343,343,343,343,343,343,,,,,,,,,,2016-02-02,00343
344,344,344,344,344,344,,,,,,,,,,2016-07-27,00344
345,345,345,345,345,345,,,Brown,,,,,,,2016-09-29,00345
346,346,346,346,346,346,,,Brown,,,,,,,2016-07-29,00346
347,347,347,347,347,347,,,,,,,,Comfort,,2016-02-21,00347
348,348,348,348,348,348,,,,,,,,,,2016-05-16,00348
349,349,349,349,349,349,,,,,,Asia,,,,2016-05-14,00349
350,350,350,350,350,350,,,,,,,,,,2016-09-21,00350
351,351,351,351,351,351,,,,,,,,,,2016-08-27,00351
352,352,352,352,352,352,,,Brown,Ceramic,,,,,,2016-09-11,00352
353,353,353,353,353,353,,,Brown,Wooden,,,,,,2016-07-16,00353
354,354,354,354,354,354,,,,,,Asia,,Comfort,,2016-10-24,00354
355,355,355,355,355,355,,,,,,,,Comfort,,2016-06-08,00355
356,356,356,356,356,356,,,,Ceramic,,,,,,2016-11-15,00356
357,357,357,357,357,357,,,,,,,,,,2016-04-14,00357
358,358,358,358,358,358,,,,,,Europe,,,,2016-07-29,00358
359,359,359,359,359,359,,,,,,,,Minimalistic,,2016-06-02,00359
360,360,360,360,360,360,,,,Rubber,,,,,,2016-08-02,00360
361,361,361,361,361,361,,,,,,Asia,,,,2016-03-25,00361
362,362,362,362,362,362,,,,,,USA,,,,2016-07-26,00362
363,363,363,363,363,363,,,Purple,Plastic,,,,,,2016-02-12,00363
364,364,364,364,364,364,,,Purple,,,,,,,2016-05-24,00364
365,365,365,365,365,365,,,Purple,,,,,,,2016-10-05,00365
366,366,366,366,366,366,,,Purple,,,UK,,,,2016-07-22,00366
367,367,367,367,367,367,,,,Ceramic,,Europe,,,,2016-09-24,00367
368,368,368,368,368,368,,,,,,,,,,2016-02-06,00368
369,369,369,369,369,369,,,,,,Asia,,Minimalistic,,2016-02-17,00369
370,370,370,370,370,370,,,,,,,Halloween,,,2016-05-14,00370
371,371,371,371,371,371,,,,,,,,,,2016-08-11,00371
372,372,372,372,372,372,,,,Plastic,,,,,,2016-01-18,00372
373,373,373,373,373,373,,,,,,USA,,,,2016-07-11,00373
374,374,374,374,374,374,,,,Rubber,,Europe,,Classic,,2016-07-10,00374
375,375,375,375,375,375,,,,,,,,,,2016-02-12,00375
376,376,376,376,376,376,,,,Ceramic,,,,,,2016-06-13,00376
377,377,377,377,377,377,,,Purple,,,,,,,2016-07-27,00377
378,378,378,378,378,378,,,Purple,Plastic,,Asia,,,,2016-10-20,00378
379,379,379,379,379,379,,,Purple,,,,,,,2016-04-18,00379
380,380,380,380,380,380,,,,Plastic,,UK,,,,2016-06-14,00380
381,381,381,381,381,381,,,Red,,,,,,,2016-03-25,00381
382,382,382,382,382,382,,,,Wooden,,Asia,,Minimalistic,,2016-03-05,00382
383,383,383,383,383,383,,,Red,,,,,,,2016-06-02,00383
384,384,384,384,384,384,,,Red,Ceramic,,USA,,,,2016-03-08,00384
